,Position,Company,State
0,Sr Executive Administration,Teleperformance Malaysia Sdn Bhd,Penang
1,Admin Executive,AUTOFIN ASSOCIATES (JOHORE) SDN. BHD.,Johor Bahru
2,Admin Executive,Samsung SDS Malaysia Sdn Bhd,Kuala Lumpur
3,Farm Operations Manager,Splendid Floriculture Sdn Bhd,Cameron Highlands
4,Admin Executive,Lian Hua Seng Group of Companies,Sarawak
5,HR Cum Admin Executive,Medicare Assistance Sdn Bhd,Selangor
6,ENGINEER (NPI/ PRODUCTION/ PROCESS),Amphenol TCS (Malaysia) Sdn Bhd,Penang
7,Senior Accounts Executive,L H B Timber Sdn Bhd,Kuala Lumpur
8,HR cum Accounts Executive,Bijak Fajar Sdn Bhd,Petaling Jaya
9,Executive Assistant to the CEO Office,University of Southampton Malaysia,Johor Bahru
10,GALLERY OPERATIONS EXECUTIVE,TRITERRA SDN. BHD.,Kuala Lumpur
11,Admin Executive中英文,Kelly Services (M) Sdn Bhd,Kuala Lumpur
12,Finance Executive,AVEX GROUP,Kuala Lumpur
13,HR and Admin Executive,Kemikon Sdn. Bhd.,Penang
14,MANAGEMENT TRAINEE,Unifrozen Sdn Bhd,"Kuala Lumpur, Selangor"
15,System Engineer,MCIS LIFE,Selangor
16,Careline Executive,Dagang Nexchange Berhad,Selangor
17,"Assistant Operations Manager (Kuching, Sarawak)",Air Liquide Malaysia Sdn Bhd,Kuching
18,Human Resource Executive,The Holstein Milk Company Sdn Bhd,Pahang - Others
19,Collection Executive,Nirvana Group,Johor Bahru
20,Human Resource Officer,Lian Hua Seng Group of Companies,Sarawak
21,Supply Planning Executive,Electrolux Home Appliances Sdn Bhd,Selangor
22,Executive Officer - Finance / Communications / Operations,MY IMAN FOODS (M) SDN. BHD.,Cyberjaya
23,HUMAN RESOURCE OFFICER,Yokowo Electronics (M) Sdn Bhd,Kulim
24,Purchasing Officer,Seiko Denki (M) Sdn Bhd,Johor Bahru
25,Human Resources Executive,Global Enterprise International Malaysia Sdn Bhd (Member of Singtel Group),Company Confidential
26,Back Office Executive (Billing),Adena Beach Resort Kuantan,Selangor - Others
27,Reservations Executive,TRANSPAK PENANG SDN. BHD.,Selangor
28,JUNIOR OPERATIONS EXECUTIVE,LAW Partnership,Kuantan
29,Secretary & Admin Executive,MTS Fruits Sdn Bhd,Perai
30,Accounts Assistant,Pengerang Refining & Petrochemical (PRefChem),Kuala Lumpur
31,"Executive, Performance & Governance",Everrise Departmental Store Sdn Bhd,Johor Bahru
32,Retail Executive,Stone Forest Malaysia Sdn Bhd,Johor
33,Payroll Executive,Rephouse (M) Sdn Bhd,Kuching
34,Account Executive,TNG Digital Sdn Bhd,Kuala Lumpur
35,Technical Support Specialist,Delloyd Industries (M) Sdn Bhd,Rawang
36,Accounts Executive,ExxonMobil Malaysia,Kuala Lumpur
37,General Application,Federal Express Services (M) Sdn Bhd,Selangor
38,People Coordinator,CUCKOO INTERNATIONAL (MAL) SDN. BHD.,Kuala Lumpur
39,Admin Executive (Planning),UAC Berhad,Kuala Lumpur
40,Executive - HSE,OSK Property Holdings Berhad,Kuala Lumpur
41,"SENIOR EXECUTIVE, FINANCE",Amerits Corporate Sdn Bhd,Ipoh
42,Corporate Secretarial Executive (Melaka & KL),BHP SHARED SERVICES INC.,Kuala Lumpur
43,Administrator HR Data Management,Lea Hin Company (Pte) Ltd,"Kuala Lumpur, Melaka"
44,WAREHOUSE SUPERVISOR,Worldwide Holdings Berhad,Kuala Lumpur
45,"Assistant Manager, Finance",Melaleuca Southeast Asia (M) Sdn Bhd,Shah Alam/Subang
46,Customer Service Associate,Securities Industry Development Corporation (SIDC),Shah Alam/Subang
47,"Manager, Executive Education",KL Fertility & Gynaecology Centre,Kuala Lumpur
48,Patient Liaison Officer (Office Hours),YARDWAY RAILQUIP (MALAYSIA) SDN. BHD.,Kuala Lumpur
49,HR cum Admin Manager,GP Batteries (Malaysia) Sdn Bhd,Kuala Lumpur
50,Production Supervisor,AS White Global,Shah Alam/Subang
51,"IT Security System Engineer - training on offer: CSSP, CISSP, CompTia, Linux,",SYARIKAT PERUSAHAAN JOOI BERSAUDARA SDN. BHD.,Johor Bahru
52,Production Supervisor,Dyna Pumps & Engineering (M) Sdn Bhd,Kuala Lumpur
53,Audit Supervisor,Duramitt Sdn Bhd,Bukit Mertajam
54,ADMIN CLERK & ACCOUNTS CLERK,Excelvite Sdn Bhd,Company Confidential
55,Warehouse Supervisor,STARCARTAGE (M) SDN. BHD.,Kota Kinabalu
56,Accounts Executive,PROLINTAS GROUP OF COMPANIES,Perai
57,Marketing Executive,OMESTI BERHAD,Kulim
58,Manager of Human Capital,Axvel Sdn Bhd,Perak
59,Internal Audit Executive,Synergy-PE Sdn Bhd,Selangor
60,Customer Service Executive,Mudajaya Corporation Berhad,Kuala Lumpur
61,QMS Officer,"STARLUX Airlines Co., LTD.",Kuala Lumpur
62,Project Engineer,Integrated Health Plans (Malaysia) Sdn Bhd,Petaling Jaya
63,Cargo Specialist,Fastrack Corporate Sdn Bhd,Penang
64,"Executive, Business Development & Account Management (BDAM)",Pengerang Refining & Petrochemical (PRefChem),Selangor
65,Admin Clerk,Wonderfly Holdings Sdn Bhd,"Kuala Lumpur, Penang - Others"
66,"Manager, PLOSC Operation",Total IFM Sdn Bhd,Kuala Lumpur
67,Account Executive,MJ HEALTH CARE CENTER SDN BHD,George Town
68,ACCOUNT EXECUTIVE,SYARIKAT PERUSAHAAN JOOI BERSAUDARA SDN. BHD.,Johor
69,Account & Admin Assistant,Talleywood Furniture Sdn Bhd,Shah Alam/Subang
70,ACCOUNT EXECUTIVE,Baerlocher (M) Sdn. Bhd.,Company Confidential
71,Assistant Production Manager,GAPbuster Worldwide Malaysia Sdn Bhd,Kota Kinabalu
72,Account Executive (Accounting),Nestlé Malaysia,Kuching
73,SECRETARY TO MANAGING DIRECTOR,Meadow Garden Sdn Bhd,Selangor
74,Quality Control Officer,VPO Services Sdn Bhd,Bukit Mertajam
75,Quality Assurance Executive - (89500),Shinyei Kaisha Electronics (M) Sdn Bhd,Kuching
76,Human Resources Executive,Jora Jobs,Seremban
77,Quality Assurance Executive,CCPS International (M) Sdn Bhd,Selangor
78,ACCOUNT OFFICER,E Metall Systems Sdn Bhd,Negeri Sembilan
79,General/HR Admin,OCK GROUP OF COMPANIES,Cameron Highlands
80,Admin Assistant,Uno Nutrition Malaysia Sdn Bhd,Kuala Lumpur
81,Personal Assistant,Roboto Coding Academy,Johor Bahru
82,Secretary to COO & CMO,DM DASHER SDN. BHD.,Selangor
83,HR cum ADMIN ASSISTANT,CLEAR EDGE CAPITAL,Kuala Lumpur
84,Business Development Executive (Remote / Work-From-Home),Agile Matrix Solutions Sdn Bhd,Penang
85,Live Chat Agent - Online Store Customer Service,ExxonMobil Malaysia,Selangor
86,Assortment Executive,Wah Lee Chain-Store Sdn Bhd,Kuala Lumpur
87,Office Administrator,AIR-MARINE Cargo Agency Sdn Bhd,Johor
88,Petroleum Measurement Engineer,MOL ACCESSPORTAL SDN. BHD.,Perai
89,Purchaser,Perunding AC & Rakan Sdn Bhd,Kuala Lumpur
90,Warehouse Planner cum Logistics Executive,GPGC Resources  Sdn Bhd,"Melaka, Johor"
91,Web Application Support Manager,Rise Facilities Service,Kuala Lumpur
92,Account Credit Control Executive,EXCEL FIRE ENGINEERING SDN. BHD.,Bukit Mertajam
93,Secretary,SERBA DINAMIK SDN BHD,Bintulu
94,Business development executive,Agilent Technologies LDA Malaysia Sdn. Bhd.,Kuala Lumpur
95,Internship for Electrical/Electronic Engineering Students,Ngee Cycle Trading Sdn Bhd,Kuala Lumpur
96,Account Assistant,Kossan Latex Industries (M) Sdn Bhd,Ipoh
97,Automation Manufacturing Engineer,Federal Express Services (M) Sdn Bhd,Selangor
98,ADMIN ASSISTANT,Search Personnel Pte Ltd,Selangor
99,Material Control Engineer,Tentacle Tech,Shah Alam/Subang
100,Organization & Employee Experience Designer,Jora Jobs,Penang
101,Accounts Executive (Credit Control/ Accounts Receivable/ FULLSET Accounts),R&F Development Sdn Bhd,Selangor
102,Application Support,China Communications Construction (ECRL) Sdn. Bhd.,Klang/Port Klang
103,FORWARDING EXECUTIVE,Paramount Property Development Sdn Bhd,Kuala Lumpur
104,Customer Service Assistant 客服助理,Roboto Coding Academy,Singapore
105,Administrative Executive,Daikin Malaysia Sdn Bhd,Kuala Lumpur
106,Accountant,Panasonic Industrial Devices Malaysia Sdn Bhd,Selangor
107,"Technology Educator (STEM, Robotics & Coding) (Remote / Work-From-Home)",Tungsten Network,Johor
108,IT Executive (Infrastructure),Family Confectionery Sdn Bhd,Kuantan
109,MACHINE OPERATOR,GFG HOME REALTY SDN BHD,Selangor
110,"Senior Manager, R2R Report & Treasury",Dream Products Sdn Bhd,Johor
111,Purchasing Executive,Tata Consultancy Services,Selangor
112,Marketing Officer,IKANO HANDEL SDN BHD (IKEA Batu Kawan),Selangor
113,ASSISTANT FACTORY PRODUCTION CONTROLLER,NLC General Pest Control Sdn Bhd,Kuala Lumpur
114,Service Desk Analyst,Ikano Handel Sdn. Bhd. (IKEA Damansara),Ipoh
115,"Part-time Food Assistant (Kitchen, Cashier, Hostess, Bussers), Renewable Contract",RB (Health) Malaysia Sdn Bhd,Klang/Port Klang
116,Marketing/ Branch Development Executive,LEE & KOH ADVOCATES & SOLICITORS,Muar
117,Goods Flow Team Manager,LEXIS CHEMICAL SDN. BHD.,Kuala Lumpur
118,Business Development Executive,Ecolab Sdn Bhd,Penang - Others
119,eCommerce Business Development Executive,Niro Ceramic (M) Sdn Bhd,"Johor Bahru, Petaling Jaya"
120,SENIOR ACCOUNT EXECUTIVE,Pactera EDGE Technologies Singapore Pte Ltd,Petaling Jaya
121,Sales Admin Support,AIA Bhd.,Company Confidential
122,Supply Chain Assistant (6 months contract),Cytopeutics Sdn Bhd,"Johor Bahru, Kota Tinggi, Pontian"
123,Franchise & Business Development – Executive,Vision Plus Entertainment Marketing Sdn Bhd,Kuala Lumpur
124,Translator (Fulltime),IFME Works Pte Ltd,Kuala Lumpur
125,Branch Executive (6 Months contract) - JB,OTC Cosmetic Industries Sdn Bhd,Selangor
126,CLINICAL RESEARCH ASSOCIATE (Fresh Graduates Also Can Apply),Bakat Industri Sdn Bhd,Selangor
127,Human Resource and Admin Assistant cum Receptionist,UCrest Berhad,Shah Alam/Subang
128,Electrical Site Supervisor,TELE-PAPER (M) SDN BHD,"Downtown Core, Central"
129,Production Executive,Nurraysa Global Sdn Bhd,Johor Bahru
130,AUTOMATION ENGINEER,Hong Leong Bank Berhad,Cyberjaya
131,Senior Accounts Executive/ Assistant Finance Manager / Finance Manager,Hong Leong Bank Berhad,Kuala Lumpur
132,Quality Assurance & Control Manager / Asst QC Manager,AVNET ASIA PTE LTD,"Others, Singapore"
133,Purchasing Manager,Hong Leong Bank Berhad,Selangor - Others
134,Executive Credit Administration (PJ City),QR Management Sdn Bhd,"Kedah, Penang, Selangor"
135,"Executive, Process Transformation & Compliance",Greenpeace Southeast Asia Berhad,Petaling Jaya
136,Program Executive,Jabil Circuit Sdn Bhd,Selangor
137,"Executive, Operation & Customer Service (Desa Cemerlang Branch, Johor)",Agensi Pekerjaan Reeracoen Malaysia Sdn Bhd,Kuantan
138,Accounts Executive,SERBA DINAMIK SDN BHD,Selangor
139,Assistant Digital Fundraising Officer (12 months contract basis),Duramitt Sdn Bhd,Kuala Lumpur
140,Assistant Manufacturing Manager (PCBA),Kensington Trust Labuan Limited,Penang
141,Admin Executive [Ref: 49023] (CM),KLK OLEO,Johor
142,BUSINESS DEVELOPMENT EXECUTIVE,Orientus Industry Sdn Bhd,Petaling Jaya
143,Operation Manager,Reckitt Benckiser (M) Sdn Bhd (Hygiene),Kuala Lumpur
144,Corporate Secretarial – Executive,ExxonMobil Malaysia,Bayan Lepas
145,Product Stewardship & Regulatory Affair Specialist,EVERSPARK INDUSTRIES SDN BHD,Kulim
146,E-COMMERCE MANAGER,Motorola Solutions Malaysia Sdn Bhd,Shah Alam/Subang
147,R&D ASSISTANT (CONTRACT),Vesuvius Malaysia Sdn Bhd,Kulim
148,Quality Assurance & Data Integrity Assurance Framework (DIAF) Engineer,Federal Express Services (M) Sdn Bhd,Sabah
149,HR & ADMIN EXECUTIVE,Roche Services & Solutions Operations APAC,Selangor
150,Financial Analyst (Treasury),Khind Holdings Berhad,Johor Bahru
151,Team Leader- Production,OctoPlus Media Global Limited.,Johor
152,Compensation & Incentive Design Specialist,ITRAMAS Manufacturing  Sdn Bhd,Kuala Lumpur
153,Compliance Analyst (Travel & Expenses),JCT INDUSTRIES GROUP SDN. BHD.,Johor
154,Sales Executive - Penang,Sension Engineering Sdn Bhd,Penang
155,"Specialist / Executive, Order Management",Mudajaya Corporation Berhad,Klang/Port Klang
156,"Account Manager –Digital Marketing, Greater China",Grownce Sdn Bhd,Kuala Lumpur
157,"Manager, Service",AmGeneral Insurance Berhad,Selangor
158,Business Development Consultant,EMCO Executives Sdn Bhd,Penang
159,Operations Manager,HENGYUAN REFINING COMPANY  BERHAD,Company Confidential
160,Sales Admin / Marketing Executive,TBS & Co.,Selangor
161,HR & ADMIN OFFICER,Wearnes Quest Sdn Bhd,Kuala Lumpur
162,Manager Construction,Toyoshima Corporation (M) Sdn Bhd,Company Confidential
163,Marketing Executive,AIA Bhd.,Selangor
164,Children Enrichment Program Teacher,Alliance Bank Malaysia Berhad,Company Confidential
165,"Executive, Portfolio Analyst",Institute of Enterprise Risk Practitioners,Ipoh
166,Human Resource Executive,Hempel Manufacturing (Malaysia) Sdn Bhd,Perai
167,Internship for Engineering Students 2021,Commerz Trade Services Sdn Bhd,Kedah
168,Audit cum Tax Junior,Duramitt Sdn Bhd,Johor Bahru
169,Assistant Finance Manager,Taylor's University,Selangor
170,PRODUCTION PLANNER,Envirograft (M) Sdn Bhd.,Company Confidential
171,Branch Executive (6 Months contract) - Ipoh,Vesuvius Malaysia Sdn Bhd,Selangor
172,Branch Manager - Sitiawan,Dreamland Corporation (M) Sdn Bhd,Johor Bahru
173,Head of Business Development,JC CREATIVE RESOURCES,Kuala Lumpur
174,Warehouse Supervisor,China Communications Construction (ECRL) Sdn. Bhd.,"Kuala Lumpur, Selangor"
175,Trade Finance Document Analyst,Nirvana Asia Group,Port Dickson
176,Finance Manager,Dreamland Corporation (M) Sdn Bhd,Kuala Lumpur
177,Education Counselor,M-Fischer Tech  Sdn Bhd,Selangor
178,Import Cum Purchaser,Esco Micro (M) Sdn Bhd,Perai
179,Production Technician (Electronic PCBA),Select Group Pte Ltd,Ipoh
180,Production Planner,United Straits M & E Sdn Bhd,Perak
181,SALES COORDINATOR,Sterrific,Petaling Jaya
182,SALES ADMIN,KEY CONSULT (PG) SDN. BHD.,Kluang
183,Planning Engineer,Global Enterprise International Malaysia Sdn Bhd (Member of Singtel Group),Kuala Lumpur
184,Site Supervisor (Melaka),Omniraise Sdn Bhd,Kulim
185,ACCOUNTANT,Omniraise Sdn Bhd,Selangor
186,SHIPPING OFFICER,EXCEL FIRE ENGINEERING SDN BHD,Johor Bahru
187,Customer Service Inside Sales,Regent International School,Company Confidential
188,Operational Manager / Head of Operations (Based in Indonesia),Chang Hua Construction Pte Ltd,Klang/Port Klang
189,Electrical Engineer,Inter Great (M) Sdn Bhd,Klang/Port Klang
190,Digital Marketing Executive,UG PRESS SDN. BHD.,Selayang
191,COMPANY SECRETARY ASSISTANT,Bold Vision Sdn Bhd,Kajang/Bangi/Serdang
192,System Administrator (Middleware),Xin Hwa Holdings Berhad,Kuantan
193,Event Administrator,Sendi Mahir Sdn Bhd,Alor Gajah
194,Sales Manager Sarawak,THAT HIN LOONG MARKETING SDN BHD,Selayang
195,technician - fire extinguisher,Shell Business Operations Kuala Lumpur,Johor Bahru
196,"Educators - Add Maths, Maths",Leo Ceramiko Sdn Bhd,Shah Alam/Subang
197,Hotel Chief Engineer,Corporate Builders Sdn Bhd,"Jakarta Utara, Jakarta Raya"
198,Administrative Executive (CONTRACT),Zelcos Laboratory Sdn. Bhd.,Selangor
199,Admin Executive,JESS Technology Sdn Bhd,Petaling Jaya
200,Quality Control / R&D Executive,JESS Technology Sdn Bhd,Bayan Lepas
201,CUSTOMER SERVICE,Infineon Technologies (Malaysia) Sdn Bhd,Selangor
202,Logistic Assistant - Dispatch (Base in Melaka),Octafa Consulting Sdn Bhd,Kuala Lumpur
203,Storekeeper,Jora Jobs,Kuala Lumpur
204,Customer Ops Specialist,ACA Pacific Technology (M) Sdn Bhd,Selangor
205,Sales Executive,Caspian Digital Solutions,"Klang/Port Klang, Puchong"
206,Administrative Assistant,Integrated Health Plans (Malaysia) Sdn Bhd,Maldives
207,Business Development Consultant,MicroLambda Sdn Bhd,Bayan Lepas
208,Marketing Executive,Coway (Malaysia) Sdn Bhd,Selangor
209,Technician Electronic (Puchong),Adena Beach Resort Kuantan,Selangor
210,Technician Electronic (Puchong),SYARIKAT PERUSAHAAN JOOI BERSAUDARA SDN. BHD.,"Johor Bahru, Kuantan"
211,Staff Analyst Financial Controlling,INTCO MALAYSIA SDN. BHD.,Melaka
212,Business Analyst,JD SPORTS FASHION SDN. BHD.,Rawang
213,Admin Clerk,Top Glove Corporation Berhad,Selangor
214,Marketing Executive,Flex,Selangor
215,Digital Performance Marketing Manager,AVEX GROUP,Kuala Lumpur
216,Claims Officer / Executive,Top Glove Corporation Berhad,Company Confidential
217,Asst.Manager Service cum Applications,Smart Decor Pte Ltd,"Johor Bahru, Melaka"
218,Purchasing Administrator,Jungheinrich Lift Truck Malaysia Sdn Bhd,Penang
219,Sales & Marketing Executive,Huama International Sdn Bhd,"Kuala Lumpur, Selangor"
220,Admin Executive,Jora Jobs,"Kuala Lumpur, Selangor"
221,SALES & MARKETING EXECUTIVE,Intecorr Consultancy,Melaka
222,Electrical Engineer,Ormond Group,Kuala Lumpur
223,Senior E-commerce Assistant Merchandiser,CALIAN TECH MARKETING PLT,Selangor
224,"Executive, Finance (Accounting)",Dunham Bush Industries Sdn Bhd,Petaling Jaya
225,"Production Supervisor - Flex Skudai, Johor",Lactalis Trading Malaysia Sdn. Bhd.,Kuala Lumpur
226,Digital Marketer,INNOV8TIF SOLUTIONS SDN. BHD.,"Bayan Lepas, Petaling Jaya"
227,"Executive, Marketing",Kejuruteraan P & L Sdn Bhd,Selangor
228,Marketing Executive,Sunway Berhad,Kuala Lumpur
229,Sales Manager – Client Service,Esco Micro (M) Sdn Bhd,Kuantan
230,WareHouse Associate,AM LIFE INTERNATIONAL SDN BHD,Company Confidential
231,Admin Clerk,Marcus Evans (M) Sdn Bhd,Petaling Jaya
232,Materials Corrosion Engineer,Webnatics Sdn. Bhd.,Bukit Mertajam
233,F&B Operations Manager,Repro Solution Sdn Bhd,Klang/Port Klang
234,Game App Security Officer,TDCX,Kuala Lumpur
235,Application Engineer,RCE Capital Berhad,Selangor
236,Application Group Manager,Math Monkey MathBrain Centre,Johor
237,Software System Support,Armstrong Auto Parts Sdn Bhd,Kuala Lumpur
238,PROJECT ENGINEER / SITE ENGINEER / SITE COORDINATOR,Corporate Builders Sdn Bhd,Selangor
239,Mechanical and Electrical Coordinator,RB (Health) Malaysia Sdn Bhd,Kuala Lumpur
240,Service Coordinator,Sunway Property,Selangor
241,Sales Processing Executive,Mi Equipment (M) Sdn. Bhd.,Kuala Lumpur
242,Corporate Sales Executive – High-End Business Summits,Daniel Wellington,Selangor
243,Digital Marketing Executive,Monster Services Group Sdn Bhd,Shah Alam/Subang
244,Software Developer (.NET),Alpha Home Appliances Sdn Bhd,Kuala Lumpur
245,Assistant Finance Expert,ECO MEDI GLOVE SDN. BHD.,George Town
246,ASSISTANT MANAGER / SENIOR EXECUTIVE  (APPLICATION) - INFORMATION TECHNOLOGY,Syarikat Sin Kwang Plastic Industries Sdn Bhd,Selangor
247,Site Supervisor,SEP Engineering Sdn Bhd,Petaling Jaya
248,Early Childhood Teacher (Melaka),Cambert (M) Sdn Bhd,Subang Jaya
249,Internship for Business Studies/Administration Students,Oglaend Industries Sdn Bhd,"Puchong, Kajang/Bangi/Serdang"
250,IBS PRODUCTION SUPERVISOR,Capita Global Sdn Bhd,Selangor
251,Assistant Sales Manager (East Coast) - General Trade,MCIS LIFE,Shah Alam/Subang
252,Finance Executive,Perbadanan Bekalan Air Pulau Pinang Sdn Bhd,Penang
253,Admin Executive,Appvalley Technology Sdn Bhd,Kuala Lumpur
254,Sales Associate - Kuala Lumpur,Nestlé Malaysia,Shah Alam/Subang
255,Accounts Executive (PENANG),CSM Consultant,Selangor
256,Storekeeper,Western Digital,Kuala Lumpur
257,Human Resources Executive,Ori Bionature (M) Sdn Bhd,Kuala Lumpur
258,Quality Manager,Celestica,Company Confidential
259,Accounts Clerk cum General Admin,Rovski Sdn Bhd,Singapore
260,Sales Representative / Executive (Ipoh),DPO International Sdn Bhd,Melaka
261,INSIDE SALES DATA ENTRY,Kotak Malaysia (KOM) Sdn. Bhd.,Penang
262,Sales Admin cum Finance Assistant / Executive | Setia Alam,AUTOFIN ASSOCIATES (JOHORE) SDN. BHD.,Penang
263,Technical Manager,Yeh Brothers Malaysia Sdn Bhd,Kuantan
264,EXECUTIVE (INFORMATION TECHNOLOGY DEPARTMENT),UNISEM GROUP,Selangor
265,Immediate Hiring Internship for Computer Science,Jora Jobs,Bayan Lepas
266,Product Technologist - (87564),Jora Jobs,Kuala Lumpur
267,Administrative Assistant,Infineon Technologies (Malaysia) Sdn Bhd,Perai
268,IT Programmer (MES),Haier Electrical  Appliances (M) Sdn Bhd,Shah Alam/Subang
269,QC Executive (Cosmetic),Lam Soon Edible Oils Sdn Bhd,Taiping
270,Internship - Engineering (Chemical/Environmental/Health/Safety),J&T EXPRESS (MALAYSIA) SDN. BHD.- PAHANG,Johor Bahru
271,Sales Executive,Newfields Land Sdn Bhd,Kajang/Bangi/Serdang
272,Sales Administration Specialist,Holista Colltech Ltd,Ipoh
273,Customer Service Executive,Panasonic Industrial Devices Malaysia Sdn Bhd,Petaling Jaya
274,AUTOMOTIVE SERVICE ADVISOR,Driven Communications Sdn Bhd,Shah Alam/Subang
275,Quality Control Supervisor,First Solar Malaysia Sdn Bhd,Selangor
276,Process Engineer,B. Braun Medical Industries Sdn. Bhd.,Penang
277,Admin Executive,Binery,Petaling Jaya
278,Course Coordinator,Infineon Technologies (Malaysia) Sdn Bhd,Selangor
279,Staff Specialist Resource Planning,Resourceleap Consultancy Sdn Bhd,Johor
280,"Sales Executive (Penang, Sabah, Kuala Terengganu) (市场销售人员)",DKSH Malaysia Sdn Bhd,Penang
281,Purchasing Executive,Klinik Pergigian Shuba,Puchong
282,"Sales Marketing Officer (Kuantan, Temerloh, Bentong)",Hiap Teck Venture Berhad,Penang
283,Internship for Business Studies/Administration Students,Angelucci sdn bhd,Selangor
284,Sales Representative (Johor),EXY IP PLT,Kuala Lumpur
285,SALES EXECUTIVE,Retail 360 Sdn Bhd,Melaka
286,Social Media Manager,Empire Asia Events Marketing Sdn Bhd,Johor Bahru
287,MES Developer III (Based in Kulim),See Hoy Chan Management Services Sdn. Bhd.,Johor - Others
288,Assistant Manager – Direct Materials Procurement,WPP Business Services Sdn Bhd (Financeplus Malaysia),Perak
289,Startup Accounting Manager,Iccho Dining Sdn Bhd,Selangor
290,Specialist Production Logistics Planner,Modular Scale Sdn Bhd,Kuala Lumpur
291,Business Development Executive,Khind Holdings Berhad,Melaka
292,"Executive, Field Sales (FMCG) (Petaling Jaya)",STAYFRESH HYGIENE SERVICES SDN BHD,Selangor
293,DENTAL ASSISTANT COM ADMIN,Anewtech Systems Sdn Bhd,Selangor
294,Manager / Assistant Manager -Accounts,PM ACCESS WORLD (MALAYSIA) SDN. BHD.,Pahang
295,Senior finance and admin Executive,EMCO Executives Sdn Bhd,Kuala Lumpur
296,Sales Executive,NLC General Pest Control Sdn Bhd,Johor
297,Human Resources & Admin Executive,GEORGETOWN PHARMACY,Selangor
298,Account Executive (会计行政人员),KL INTERNATIONAL HEALTHCARE CENTRE SDN BHD,Shah Alam/Subang
299,Internship for Computer/IT Students,Tan Ya Advisory,Kedah
300,Internship for Accounting Students,Kejuruteraan P & L Sdn Bhd,Penang
301,Assistant Central Kitchen Operation Manager (F&B),UNITED PARK MANAGEMENT SDN BHD,Kuala Lumpur
302,Business Development Executive,GREENCHEF SDN. BHD.,Melaka
303,Admin Executive,FRD PERFORMANCE MOTORSPORT (M) SDN BHD,Puchong
304,Admin Executive,PM Securities Sdn Bhd,Selangor
305,Technical Supervisor,HID Global Sdn Bhd,Selayang
306,"Senior Executive, Financial Analysis",China Railway Engineering Corporation(M) Sdn Bhd,Selangor
307,Marketing Support Executive,Roland Manufacturing Malaysia Sdn Bhd,Kuala Lumpur
308,Field Biologist,UNIVERSAL TRAVELLER SHOP SDN BHD,Selangor
309,Provisonally Registered Pharmacist (PRP),MYI Technologies Sdn Bhd,Subang Jaya
310,Human Resources cum Admin Executive,PM Securities Sdn Bhd,Petaling Jaya
311,Tax Assistant (Junior),Agensi Pekerjaan & Perundingcara Bright Prospect Sdn Bhd,Selangor
312,Site Supervisor / Junior Project Engineer,EPS Malaysia,Selangor
313,Assistant Park Manager,RB (Health) Malaysia Sdn Bhd,Selangor
314,[Singapore] Outdoor Sales Executive,LLK TECH SOLUTIONS SDN. BHD.,Shah Alam/Subang
315,IT Executive,Diversey (Malaysia) Sdn Bhd,Selangor
316,Assistant Manager -  Cyber Security,Mamee-Double Decker (M) Sdn Bhd,Melaka
317,Senior Supply Chain Manager,Green Packet International Sdn Bhd,Penang
318,Civil Engineer,FLORENTINE SDN. BHD.,Selangor
319,Engineering Internship,TNG Digital Sdn Bhd,"Kuala Lumpur, Selangor"
320,Internship for Finance/Accounts,AGILE REAL ESTATE DEVELOPMENT (M) SDN. BHD.,Petaling Jaya
321,Assistant Solution Consultant,Commerz Trade Services Sdn Bhd,Perlis
322,Executive - Accounts,Awesomelink Sdn Bhd,Kuala Lumpur
323,Customer Service Executive (Freight / Logistic) x5,Palmgold Corporate Services S/B,Kuala Lumpur
324,Revenue and Cost Accountant,JA Solar Malaysia Sdn Bhd,"Puchong, Kajang/Bangi/Serdang"
325,HR Reporting & Quality Improvement Analyst (6-month contract),Hwa Tai Industries Berhad,Johor Bahru
326,Customer Experience Analyst (CXA),UNISEM GROUP,"Others, East"
327,TECHNICIAN,VSTECS BERHAD,Penang
328,Technology Analyst,TOPDEAL COMMUNICATIONS SDN BHD,Kuala Lumpur
329,"Manager, Finance",SEA GAMER MALL SDN. BHD.,Johor
330,Sale Assistant,Irama Canggih Sdn Bhd,Kuala Lumpur
331,AML & Compliance Executive,Capita Pte Ltd - Healthcare,Klang/Port Klang
332,ASSISTANT MANAGER-ACCOUNTS DEPARTMENT,Jora Jobs,Kuala Lumpur
333,"Manager, Property Management",Roland Manufacturing Malaysia Sdn Bhd,Selangor
334,Trade Finance LC Issuance Specialist,YBS AGRO PREMIERE SDN BHD,Kuala Lumpur
335,Senior MIS Executive,Valuedesign (Malaysia) Sdn Bhd,Selangor
336,Cashier,Nurraysa Global Sdn Bhd,Kuala Lumpur
337,Account Executive,KIARA SUSILA SDN BHD,Petaling Jaya
338,Production Executive,Berjaya Sompo Insurance Berhad,Shah Alam/Subang
339,Customer Service Executive (SPM Graduate welcomed)（Based in Philippines),Agilent Technologies LDA Malaysia Sdn. Bhd.,Shah Alam/Subang
340,Corporate Finance Manager,Palmgold Corporate Services S/B,Subang Jaya
341,Technician,Corporate Builders Sdn Bhd,Selangor
342,Sales Admin Assistant - Fresh Graduate / Junior,Delfi Marketing Sdn Bhd,Kuala Lumpur
343,"Corporate Sales Executive (Salary Up to RM6,000 + Performance Bonus)",Kotak Malaysia (KOM) Sdn. Bhd.,Kuala Lumpur
344,SEO Specialist,SOON HOE CHAN SDN. BHD.,Company Confidential
345,Store cum driver,LYL Land Sdn Bhd,Petaling Jaya
346,Recruitment Consultant (Based in KL; Singapore Market),IJEON GROUP SDN BHD,Kuala Lumpur
347,"SENIOR EXECUTIVE, FORWARDING",Global Enterprise International Malaysia Sdn Bhd (Member of Singtel Group),Kuala Lumpur
348,Accounting Internship,Innatech Communication Sdn Bhd,Company Confidential
349,SALES ASSISTANT CUM DRIVER,Lee Swee Construction & Trading Sdn Bhd,Petaling Jaya
350,Client Administrator,Foxcomasia Communications,Butterworth
351,Stockist Relation Manager,Prestar Marketing Sdn Bhd,Selangor
352,BUILDING MANAGER,Intelligent Money Sdn Bhd | iMoney.my,Bayan Lepas
353,"Executive / Senior Executive (Business Information), Actuarial",CompuMed Services Sdn Bhd,Company Confidential
354,Project Lead Engineer,MatchBox Exchange Pte. Ltd,"Johor, Kedah, Kuala Lumpur, Kelantan, Melaka, Negeri Sembilan, Penang, Pahang, Perak, Perlis, Sabah, Selangor, Sarawak, Terengganu, Labuan, Putrajaya"
355,Club Manager (Penang),BIOCEAN WOOD SDN. BHD.,Selangor
356,Estimator,Hive Marketing Sdn Bhd,Perak
357,Senior Product Executive,System Management Services Sdn. Bhd.,Petaling Jaya
358,Sales Executive,Top Glove Corporation Berhad,Kuala Lumpur
359,WAREHOUSE SUPERVISOR (HARDWARE),Roland Manufacturing Malaysia Sdn Bhd,Selangor - Others
360,HR cum Admin Executive,SEED AUTISM SERVICES,Perak
361,Internship for Hospitality/Tourism Management Students,Century Motolite Battery Sdn Bhd,Central
362,Project Coordinator (Contract),JD SPORTS FASHION SDN. BHD.,Selangor
363,Marketing (Executive),VSTECS BERHAD,Klang/Port Klang
364,"Technical Support Engineer/Executive (Klang Valley, Ipoh & Johor)",OZ Marketing Sdn Bhd,Cameron Highlands
365,Contract Executive (Q.S) Kajang,ASK Resources,Kuala Lumpur
366,Network Engineer,TDCX,Kuantan
367,General Manager,S8 AUTO,Cheras
368,"Intern, Commercial",TRUTH COMMUNICATIONS SDN. BHD.,Kuala Lumpur
369,MANAGER PROVIDER MANAGEMENT,Kinetics Systems Malaysia Sdn Bhd,Bayan Lepas
370,Customer Engagement Executive,JC WEALTH MANAGEMENT SDN BHD,Butterworth
371,Warehouse Executive,Belle & Russell Kindergarten,Kuala Lumpur
372,Video Editor,LSPCM SDN BHD,Subang Jaya
373,Marketing Executive,UPP PULP & PAPER (M) SDN. BHD.,Melaka
374,"Executive, Internal Audit",Toshiba Transmission & Distribution Systems Asia Sdn Bhd,Penang - Others
375,Supply Chain Management  Internship,Vitally Sdn Bhd,Petaling Jaya
376,Behavior Therapist,Bold Vision Sdn Bhd,Selangor
377,Warehouse Operations Executive,FatHopes Energy Sdn Bhd,Selangor
378,E-Commerce Customer Service Advisor (Contract),BIOCEAN WOOD SDN. BHD.,Company Confidential
379,Service Admin Assistant - Fresh Graduate / Junior,Jora Jobs,Petaling Jaya
380,Product cum Customer Service Advisor (Marketing Department),BW SIM HUAT TIMBER SDN BHD,Selangor
381,HR Analyst ( 6 months contract/ shared service),NOLEK SDN BHD,"Cheras, Kajang/Bangi/Serdang"
382,Technical Support Specialist,Talent Corporation Malaysia Berhad,Kuala Lumpur
383,Accounting Internship,PHN Industry Sdn Bhd,Selangor
384,PUBLIC RELATIONS MANAGER,MPI Generali Insurans Berhad (Multi-Purpose Insurans Bhd),Kuala Lumpur
385,Assistant Sales Manager,MMN Bina Sdn Bhd,Kuala Lumpur
386,Internship for Student interested in Customer Support,The Orange Academy,Singapore
387,Mandarin Teacher,Kelly Services (Malaysia) Sdn Bhd,Johor - Others
388,SALES EXECUTIVE,MCC Labels (Kuala Lumpur) Sdn Bhd,Kuala Lumpur
389,Human Resource Officer,J&T EXPRESS (MALAYSIA) SDN. BHD.,Petaling Jaya
390,Engineer,London College Of Clinical Hypnosis Asia,Selangor
391,Operation Support Officer (营运专员）,Adeka Foods (Asia) Sdn. Bhd.,Klang/Port Klang
392,Sales Executive / Representative,Koong Woh Tong Sdn Bhd,Selangor
393,QUALITY AND QUANTITY MANAGER,Tricom Events Pte Ltd,Semenyih
394,Purchasing Executive,COMPASS COGL MALAYSIA SERVICES SDN. BHD.,Kuala Lumpur
395,Admin Executive,Daikin Research & Development Malaysia Sdn Bhd,Petaling Jaya
396,ACCOUNTS & ADMIN OFFICER,AGILE REAL ESTATE DEVELOPMENT (M) SDN. BHD.,"Johor, Kuala Lumpur, Melaka, Sabah, Sarawak"
397,Internship for Mechanical / Mechatronics Engineering Students,Genexis Health Enterprise,Selangor
398,Special Officer to CEO (Personal Assistant),ECODE TECHNOLOGIES SDN BHD,Kuala Lumpur
399,Maintenance  Technician,Infineon Technologies Advance Logic Sdn Bhd,Petaling Jaya
400,Internship for Business Studies/Administration Students,AIA Bhd.,Petaling Jaya
401,Civil and Structure Engineer (Protege),MOBIEDGE E-COMMERCE SDN. BHD.,Selangor
402,Childcare Teacher,AXIS RESOURCES,Kuala Lumpur
403,Collection Officer,Tropicana Corporation Berhad,Petaling Jaya
404,Regional CI Leader,RBC MALAYSIA,Selangor
405,Data Analyst 数据分析人员,FAJARBARU BUILDER SDN BHD,Selangor - Others
406,Content Writer (Mental Health / Psychology),Gafis (M) Sdn Bhd,Petaling Jaya
407,Sales & Marketing Assistant,Mummys Market Pte Ltd,Puchong
408,Assistant Accounts Manager,Tata Consultancy Services,Shah Alam/Subang
409,HR/Payroll Executive,ASIA POLY INDUSTRIAL SDN. BHD.,Selangor
410,Event Manager,RHB Banking Group,Johor - Others
411,B2B Sales Executive - Serviced Office,HEALTH LANE FAMILY PHARMACY SDN BHD,Kuala Lumpur
412,R&D Engineer (Element & Technology),Kelly Services (Malaysia) Sdn Bhd,Penang
413,"Senior Executive, Property Management",International SOS Global Corporate Services Sdn Bhd,Penang
414,Sales Executive,Startek,Selangor
415,SOC Engineer    SOC Analyst,Machines Sdn Bhd,"Shah Alam/Subang, Perak"
416,Staff Engineer Unit Process Engineering Trim and Form,PB Realty Sdn. Bhd. (338851-D),Kuala Lumpur
417,"Senior Associate, Customer Correspondence (1 year conract)",BANDAR UTAMA CITY CENTRE SDN BHD,Kuala Lumpur
418,"GENERAL MANAGER, FINANCE (Based at Nilai)",GAMUDA LAND SDN BHD,"Yishun, North, Tampines, East"
419,Managers – Merchant Acquiring (Online & Offline),Malton Berhad,Kuala Lumpur
420,IT Executive 技术执行专员,Palmgold Corporate Services S/B,Selangor
421,"Senior Executive, Project",Khai Lien Silk Screen Suppliers (M) Sdn Bhd,Kuala Lumpur
422,Administrator Production Assurance (Contract),Sunway Berhad,Selangor
423,Assistant Store Keeper,GDT SDN. BHD.,Johor Bahru
424,Mechanical (Construction) Intern,Mahkota Medical Centre,Company Confidential
425,Master Data Specialist / Analyst,IJEON GROUP SDN BHD,Johor
426,Warehouse Manager,Yuncheng Plate-Making Technology (M) Sdn Bhd (796811-V),Kuala Lumpur
427,Remote Desktop Support Engineer,Inter Great (M) Sdn Bhd,"Queenstown, Central"
428,QA EXECUTIVE,Ori Bionature (M) Sdn Bhd,Kuala Lumpur
429,Retail CDD Analyst (Fresh Graduate),EC Council Global Services,Selangor
430,Retail Pharmacist,SINGAPORE HAI DI LAO DINING PTE. LTD,Kuala Lumpur
431,Procument Executive,Daikin Applied (Malaysia) Sdn Bhd,Johor Bahru
432,"Analyst, Procure-To-Pay",Jora Jobs,Kuala Lumpur
433,Technical Support Executive (IT) - Mandarin Speaker,Jora Jobs,Melaka
434,Internal Audit Executive,INNOV8TIF SOLUTIONS SDN. BHD.,Kuala Lumpur
435,Quantity Surveyor,GFG HOME REALTY SDN BHD,Company Confidential
436,Finance Executive/ Senior Finance Executive (1 Position),Oncogen Pharma (Malaysia) Sdn Bhd,Nilai
437,TECHNICAL MANAGER,Pahang Pharmacy Sdn Bhd,"Kuala Lumpur, Kota Kinabalu"
438,ADMINISTRATION ASSISTANT,ER GEMtrack Sdn Bhd,Selangor
439,Senior Executive IT,Agensi Pekerjaan HRnet One Sdn Bhd (HR),Selangor
440,Account And Admin Executive,ALC Platform Sdn Bhd,Kuala Lumpur
441,Storekeeper,Vinda Group SEA,Negeri Sembilan
442,Sourcing Executive,UOB Asset Management (Malaysia) Berhad,Shah Alam/Subang
443,Pricing Manager,MajuHome,Company Confidential
444,Internship for Food & Beverage Preparation/Services Management Students,Reddot Brewhouse Pte Ltd,Selangor
445,Sales And Marketing Executive,Yamaha Electronics Manufacturing (M) Sdn Bhd,Central
446,"Treasury/ Corporate Finance, Manager/ Senior Manager",Jora Jobs,Kuala Lumpur
447,Foreign Workers’ Dormitory Manager,Haier Electrical  Appliances (M) Sdn Bhd,Klang/Port Klang
448,Search Engine Optimization Specialist,TENAGA MA Sdn Bhd,Kuala Lumpur
449,SOC Engineer,Capital Dynamics Sdn Bhd,Melaka
450,Landscape Gardener cum Maintenance Staff,Straits Advisor Sdn Bhd,Kuala Lumpur
451,Accounts Executive,Nurraysa Global Sdn Bhd,Kuala Lumpur
452,Admin Assistant,NOLEK SDN BHD,Selangor
453,Admin Assistant,Franky Construction Sdn Bhd,Kuala Lumpur
454,AI Engineering Intern,Jasa Kita Warehousing Service Sdn Bhd,Melaka
455,Accommodation Sales Person,Flex,Selangor
456,"Executive, R&D Analytical (API)",PT RESOURCES HOLDINGS SDN BHD,Selangor
457,AREA SALES MANAGER,Sime Darby Industrial,Kuala Lumpur
458,Analyst Programmer,ECAS Consultants Pte Ltd,Selangor
459,Internship for Business Studies/Administration Students,Bullish Aim Sdn Bhd,Selangor
460,Sales cum Recruitment Executive (Open to Fresh Graduates),Linkk Busway Systems (M) Sdn Bhd,Selangor
461,QA Executive,Tropicana Golf & Country Resort,Bukit Mertajam
462,Manager - Operations (Funds Valuation),HENGYUAN REFINING COMPANY  BERHAD,Melaka
463,Part Time Sales Executive,Top Glove Corporation Berhad,Selangor
464,Assistant Brewer,Agensi Pekerjaan GMRecruitment Sdn Bhd,Selangor
465,SOFTWARE ENGINEER,ASK Resources,Company Confidential
466,Receptionist,IJEON GROUP SDN BHD,Ampang
467,Corporate Sales Executive （企业销售人员）,Panasonic Industrial Devices Malaysia Sdn Bhd,Bayan Lepas
468,Site Supervisor (Electrical),Mazars,Puchong
469,Database Specialist,Pinnacle Capital Sdn Bhd,Kuala Lumpur
470,Marketing Executive,DKSH Malaysia Sdn Bhd,"Newton, Central"
471,Marketing Manager,Agensi Pekerjaan BGC Group (Malaysia) Sdn Bhd,Selangor
472,Internship for System Control,J&T Express (Malaysia) Sdn Bhd - Northern Selangor,Selangor
473,Pengawal Keselamatan (Security Guard),jwfine enterprise,Selangor
474,Safety and Health Officer,Infineon Technologies (Malaysia) Sdn Bhd,Subang Jaya
475,Sales Executive (Warehousing Service),WEBRAND DIGITAL SDN. BHD.,Shah Alam/Subang
476,"Quality Supervisor - Flex Skudai, Johor",Southern Air Freight Sdn Bhd,Shah Alam/Subang
477,Personal Assistant,Roland Manufacturing Malaysia Sdn Bhd,"Kuala Lumpur, Selangor"
478,Finance Manager,Elabram Systems Sdn Bhd,Bayan Lepas
479,"Executive, Service",Seon Lim (M) Sdn Bhd,Kuala Lumpur
480,Bridge Design Engineer,SIHI Pumps (Malaysia) Sdn Bhd,"Selangor, Kuala Lumpur"
481,Internship for Data Entry Administrator - to start on May 2021,Diamond Mountain Construction,Selangor
482,Electrical Technician (5-Day Work in Balakong),United Nations High Commissioner for Refugees,Kuala Lumpur
483,Lifeguard,Pengerang Terminals (Two) Sdn Bhd,"Puchong, Subang Jaya, Petaling Jaya"
484,Ecommerce Operations Officer,TWY Search International (M) Sdn Bhd,Central
485,Internship for Information Technology Student 2021,Kelly Services (M) Sdn Bhd,Ipoh
486,"Engineer, Research & Development",Pine Packaging (M) Sdn Bhd,Selangor
487,"Senior Costing Officer (Up to RM4.2k / Tebrau, JB)",Lenovo,Selangor
488,Chemical Engineer (shared service)- Fresh are welcome,Live-well Nutraceuticals Sdn Bhd,Subang Jaya
489,Internship for Hotel and Restaurant Management Students,Caspian Digital Solutions,Kuala Lumpur
490,SENIOR CHEMIST,Jora Jobs,"Kuala Lumpur, Butterworth"
491,Technical Manager,Marc Service Residence,Kuantan
492,RESEARCH/FINANCIAL ANALYST,Toyota Capital Malaysia Sdn. Bhd.,Penang
493,"Engineer, Textile Machinery (KL / Johor)",Jora Jobs,Company Confidential
494,Telesales 电话销售-销售 - Basic+5 DIGITS Commission - SPM Fresh welcome-P6,[BEST INC.]MAY EXPRESS LOGISTICS SDN. BHD.,"Kuala Lumpur, Selangor"
495,HR Executive,JAC Recruitment Malaysia,Sarawak
496,ECOMMERECE DIGITAL MARKETING,IOI Properties Group Berhad (Property Development),"Kuala Lumpur, Selangor"
497,Project Manager - Operations Planning and Controlling,Best88 Co. Ltd.,Johor
498,Digital Marketing Strategist,AWWA LTD,Company Confidential
499,OPERATION CUM CUSTOMER SERVICE OFFICER,Kelly Services (Malaysia) Sdn Bhd,Selangor
500,Business Administrative Internship,Plastictecnic (M) Sdn Bhd,Shah Alam/Subang
501,IT Project Controller (12 Months Contract),CardBiz Solutions Sdn Bhd,Selangor
502,General Clerk,Appvalley Technology Sdn Bhd,"Queenstown, Central"
503,Senior Buyer / Supply Chain Executive,Sime Darby Holdings Berhad (Internal),Kuala Lumpur
504,Site Engineer,AR ADVANCE SDN BHD,Cheras
505,PROJECT CONTROL ASSOCIATE (TA) GL6 (UNHCR Post),FOREO INTERNATIONAL PTE. LTD.,Selangor
506,Commercial Executive,Barry Callebaut Manufacturing Malaysia Sdn Bhd,Company Confidential
507,Admin Executive (Fresh Grad Welcome | Global Company | Near LRT),Jora Jobs,Bukit Mertajam
508,Office Dispatch (Based in Negeri Sembilan),ASK Resources,Port Dickson
509,JUNIOR HR CUM ADMIN EXECUTIVE 人力资源行政部,Mondelez Malaysia Sales Sdn Bhd,Selangor
510,Service Coordinator,Jora Jobs,Johor
511,SALES EXECUTIVES - based in Penang and Johor Bahru,FINWEALTH MANAGEMENT SDN. BHD.,Kuala Lumpur
512,Business Development Media Sales Manager,SANMINA-SCI SYSTEMS (MALAYSIA) SDN BHD,Selangor
513,Purchasing Admin,Ye Chiu Non-Ferrous Metal (M) Sdn Bhd,Selangor
514,BUILDING MANAGER,Mondelez Malaysia Sales Sdn Bhd,Kuala Lumpur
515,Customer Service Representative,TJS Coprorate Services SB,Puchong
516,"Assistant Manager, Internal Audit",BIO LIFE NEUTRACEUTICALS SDN. BHD.,"Johor, Selangor"
517,Assistant Production Controller,Jora Jobs,Kuala Lumpur
518,Operators/ TL,WEBSPERT SOLUTION SDN. BHD.,Cheras
519,PROJECT MANAGER (Construction),Splendid Floriculture Sdn Bhd,Selangor
520,ACCOUNTANT (REF: JI),Sportopia Limited,Melaka
521,Executives - Sales Administration,Zurich Life Insurance Malaysia Berhad,Kuala Lumpur
522,Accounts & Finance Senior Executive,TOPDEAL COMMUNICATIONS SDN BHD,Subang Jaya
523,Accountant,Swift Energy Sdn Bhd.,Klang/Port Klang
524,Psychologist,Stone Forest IT Pte Ltd,Shah Alam/Subang
525,RM 3000- Customer Service - Kuala Lumpur,SEEK Asia (JobStreet),Perak
526,Hostel Warden,Jora Jobs,Kajang/Bangi/Serdang
527,Service Technician,HENGYUAN REFINING COMPANY  BERHAD,"Kuala Lumpur, Sarawak"
528,Internship for Computer Science in Microservice Development,Australian High Commission,Kuala Lumpur
529,Head of Sales and Marketing,ASE Electronics (M) Sdn Bhd,Kota Tinggi
530,"Executive, Service",XSD International Paper,Petaling Jaya
531,Telemarketing Executive,Katrin BJ Sdn Bhd,Kuala Lumpur
532,Field Coach,Omniraise Sdn Bhd,Melaka - Others
533,Senior Product Expert,Alpha Home Appliances Sdn Bhd,Selangor
534,TECHNICAL CLERK,Celcom Axiata Berhad,"Johor Bahru, Penang"
535,Junior Accounts Executive @ USJ - 5 Days,Sales Connection - Good Works Technology Sdn Bhd,Petaling Jaya
536,Supply Chain Finance Manager,Hitachi Transport System (M) Sdn Bhd,Selangor
537,Wedding Coordinator,Kerjaya Prospek (M) Sdn Bhd,Kuala Lumpur
538,Financial Planning Executive,Carlsberg Brewery Malaysia Bhd,Company Confidential
539,TRAINING MANAGER,Wihardja,Selangor
540,Production Officer,SAIKYU MOLD (MALAYSIA) SDN. BHD.,Petaling Jaya
541,E-Commerce Manager,S.A NETWORKS TECHNICAL INDUSTRIES SDN BHD,Penang
542,Tax Associate,Hong Leong Bank Berhad,"Kuala Lumpur, Kelantan, Klang/Port Klang, Shah Alam/Subang"
543,Accounts Executive,IFME Works Pte Ltd,Company Confidential
544,ROT Clerk,PM Securities Sdn Bhd,Port Dickson
545,Web programmer,Retail 360 Sdn Bhd,Kuala Lumpur
546,Office Manager,Jora Jobs,Selangor
547,Finance Operation Manager,Fast Track Sdn Bhd,Company Confidential
548,Project Manager (1 year contract),YS GAN & CO,Klang/Port Klang
549,Internship for Business Studies / Administration Students,Peri-dent Star Sdn Bhd,Labuan
550,ANALYST PROGRAMMER,Infineon Technologies (Malaysia) Sdn Bhd,North-East
551,Program Analyst,Wah Seng Industry Sdn. Bhd.,Kuala Lumpur
552,eMail Content Marketing Specialist,Elabram Systems Sdn Bhd,"Nilai, Selangor"
553,CLERK,Procurri Malaysia Sdn Bhd,Petaling Jaya
554,Internship for Contract and Procurement 2021,CIMB Group,Petaling Jaya
555,Driver cum Administrative Assistant,YEWON YUCHIWON,Company Confidential
556,Test Equipment / Line Maintenance Senior Engineer,HEALTH LANE FAMILY PHARMACY SDN BHD,Shah Alam/Subang
557,Company Driver,Savvy Cartel Sdn Bhd,Selangor
558,Order Processing Assistant,IMPERIA COLLEGE,Puchong
559,Sales Management Trainee,ASK Resources,"Johor, Kedah, Kuala Lumpur, Melaka, Penang, Sabah, Terengganu, Labuan"
560,Sales Executive - KL or Kuantan,SVO GROUP BERHAD,Johor Bahru
561,Enterprise Agile Coach,IRDECO F N B SDN. BHD.,Selangor
562,Internship for Mobile App Developer (Web and Backend),Bank Negara Malaysia,Kuala Lumpur
563,Human Resource Junior Executive,Rocketsview Management Sdn Bhd,"Perai, Selangor"
564,Senior Contract Executive,Confidential,Melaka
565,HR Executive (12 Months Contract),EURO POTENTIAL SDN BHD,Selangor
566,Showroom Executive,OSRAM (M) Sdn Bhd. – GSS Division,Penang
567,Machinist,Tri e Marketing Sdn Bhd,Johor
568,Supervisor-Planning,Jora Jobs,Selangor
569,Manager - Wealth Customer Experience,Insan Bakti Sdn. Bhd.,Puchong
570,Admin and Sales Coordinator,Newfields Land Sdn Bhd,Selangor
571,"Analyst, HR Services",Southern Infinity Group - CXR,Selangor
572,Assistant Manager-Risk Management,AGB Builders Sdn Bhd,Shah Alam/Subang
573,Human Resources & Admin Manager,AEON Credit Service (M) Bhd,Cameron Highlands
574,PRODUCTION MANAGER,Jora Jobs,Kuala Lumpur
575,Administrative Executive,T7 GLOBAL BERHAD,Kuala Lumpur
576,Audit Assistant,Jie Communication Sdn Bhd (realme Malaysia）,Cheras
577,Accounts Executive,MoneySmart Singapore,Shah Alam/Subang
578,Systems Engineer - Unix Administration,Genting Malaysia Berhad,Central
579,Customer Service,Jora Jobs,Kuala Lumpur
580,Product Management (12 Months Contract),Jora Jobs,Selangor
581,Inside Sales Representative,United Overseas Bank (Malaysia) Bhd,Port Dickson
582,Financial Services Consultant (Penang),The Big Rajah Food Caterers Sdn Bhd,Kuala Lumpur
583,LOOKING FOR A TASKA(TADIKA) TEACHER,Jora Jobs,Penang
584,Marketing Manager,Hong Leong Bank Berhad,Bentong
585,Corporate Sales Executive,Hanako Construction Pte Ltd,Subang Jaya
586,Lecturer - Real Estate Management,SGI Vacation Club Berhad (A member of OSK Group),Kuala Lumpur
587,External Audit Executive (Short term contract),ADVANCED ASSEMBLY MATERIALS (M) SDN. BHD.,"Kuantan, Shah Alam/Subang"
588,Online Sales Marketing,Ricoh (Malaysia) Sdn. Bhd.,Selangor
589,"WAITER, WAITRESS",The Famous Amos Chocolate Chip Cookie Corporation (M) Sdn. Bhd.,Subang Jaya
590,"Executive, Service Support Operations | Infrastructure Technology Department",Agensi Pekerjaan NCS Solutions Sdn. Bhd.,Kajang/Bangi/Serdang
591,Mobile Application Developer,Agensi Pekerjaan Pasona Sdn Bhd,Kuala Lumpur
592,Fruits &  Vege Supervisor for Supermarket,ASIA POLY INDUSTRIAL SDN. BHD.,Selangor
593,Management Trainee,Trisystems Engineering Sdn Bhd,"Sungei Kadut, Singapore"
594,Controlling Executive (Accounting),Times Offset (M) Sdn Bhd,Puchong
595,Marketing Coordinator,OM Materials (Sarawak) Sdn Bhd,Shah Alam/Subang
596,Admin Assistant,TechSearch Pte Ltd,Kuala Lumpur
597,Medical Representative,TONIK ASIA GROUP SDN BHD,"Others, Singapore"
598,Property Sales Executive (Basic + Commission) – Immediate Hiring,Omniraise Sdn Bhd,Company Confidential
599,Planning Officer,Gabungan AQRS Berhad,Kuala Lumpur
600,Elite Entrepreneur Program,MMC MANUFACTURING MALAYSIA SDN BHD,Kuala Lumpur
601,Senior HR & Admin Executive,BD (Formerly known as Bard Sdn Bhd),Subang Jaya
602,"Manager, Financial Reporting and Compliance",AEON Co. (M) Bhd.,Selangor
603,Haulage Operation,Kong Long Huat Chemicals Sdn Berhad,Gelugor
604,Expeditor - Mechanical Packages,WELLBE MALAYSIA SDN. BHD.,Selangor
605,Logistics Executive,Dancomair Engineering Sdn Bhd,Nilai
606,Customer Service Executive,AEL Engineering Sdn Bhd,Melaka
607,Croupier / Dealer (3 Months Contract),Armstrong Auto Parts Sdn Bhd,Bukit Mertajam
608,Customer Service Assistant,SAIKYU MOLD (MALAYSIA) SDN. BHD.,Shah Alam/Subang
609,Warehouse Assistant,JENSON AGENCY MARKETING,Petaling Jaya
610,"Senior Officer, Personal Banker, KL Main Branch",ACHIEVE Career Consultant (M) Sdn Bhd (JTKSM 579A),Penang
611,Marketing Executive,Tentacle Tech,Kuala Lumpur
612,Logistic Executive,KingKoil Bedding (Malaysia) Sdn Bhd,Kuala Lumpur
613,"Assistant Manager, Credit Administration (PJ City)",Jora Jobs,Petaling Jaya
614,Project Co-ordinator,EPS Malaysia,Selangor
615,"EXECUTIVE, MEMBER SERVICES",Plexus Manufacturing Sdn Bhd,"Kuala Lumpur, Selangor"
616,Logistic Officer,TechSearch Pte Ltd,Kuala Lumpur
617,Sales Executive (Government Sales),Bank Simpanan Nasional,Alor Setar
618,Outlet Crew (The Mines Seri Kembangan),ALL IT Hypermarket Sdn Bhd,Kuala Lumpur
619,Customer Service Consultant,IRDECO F N B SDN. BHD.,Kuala Lumpur
620,Assistant Engineer - Production @ Shah Alam [REF:QY],Mamee-Double Decker (M) Sdn Bhd,Petaling Jaya
621,PLANNER,COSMO RESTAURANTS SDN BHD ( BURGER KING MALAYSIA),Subang Jaya
622,Executive - Proposal,RHB Banking Group,Penang
623,Technician,SCHOTT Glass (M) Sdn Bhd,Selangor
624,MEDICAL ASSISTANT,Business Media International Sdn. Bhd.,Kuala Lumpur
625,Technician - Fixed night shift (no exp req),Public Bank Berhad,"Johor, Kuala Lumpur, Kelantan, Melaka, Penang, Pahang, Perak, Selangor, Sarawak, Terengganu"
626,Clinic Assistant (Front Desk),Webnatics Sdn. Bhd.,Selangor
627,Sales & Marketing Executive,AVX Manufacturing (Malaysia) Sdn Bhd,Company Confidential
628,Purchasing Executive,Agensi Pekerjaan Randstad Sdn Bhd - Professional,Penang
629,Assistant Logistic,Kintetsu World Express (Malaysia) Sdn Bhd,Johor Bahru
630,IT Project Application Support (Contract),IJEON GROUP SDN BHD,Kuala Lumpur
631,Personal Assistant,Jora Jobs,Kuala Lumpur
632,Accounts Assistant,DXC Technology Malaysia Sdn Bhd.,Selangor
633,Japanese speaking Customer Relations Executive Cum Medical Service Staff,Sime Darby Holdings Berhad (Internal),Kuala Lumpur
634,Senior Maintenance Technician,KENT SOON PACKAGING SDN BHD (Kent Soon Recycle Center Sdn Bhd),Petaling Jaya
635,"Executive,Planning",WCT Malls Management Sdn. Bhd.,"Queenstown, Central"
636,Human Resource Executive,PIF CAPITAL (M) SDN. BHD.,Pahang
637,Mold Maker (Mold Finishing),Juara Saji Sdn Bhd,Selangor
638,Swim Coach,Tesco Stores (Malaysia) Sdn Bhd,Selangor
639,Content Writer,Makefamous Creative Hub Sdn Bhd,Kuala Lumpur
640,[Welcome Fresh/Exp] Banking Customer Service I Up to RM5K l LRT - P10,Regal Elite Letrik Sdn Bhd,Petaling Jaya
641,Performance Tester,SF METAL SDN BHD,Selangor
642,DIGITAL MARKETING MANAGER,Daman Corporate Services Sdn. Bhd.,Selangor
643,Sales Executive,EAST ASIA PALM PRODUCTS SDN BHD,Singapore
644,Kindergarten Teacher,Infineon Technologies (Malaysia) Sdn Bhd,Kuala Lumpur
645,Electrical and Electronics Engineer (PJ),Basic Health & Beauty Sdn. Bhd.,Johor - Others
646,Senior Admin - Program Management/Customer Management,Jora Jobs,Shah Alam/Subang
647,Engineering Assistant/ Technician - Fixed Morning Shift (contract/ North),ESCATEC Electronics Sdn Bhd,Kajang/Bangi/Serdang
648,Insurance Specialist,Alliance Bank Malaysia Berhad,Bayan Lepas
649,Procurement Executives / Officers (Buyers),UWC Holdings Sdn Bhd,Shah Alam/Subang
650,"RESTAURANT SUPERVISOR, SERVICE SUPERVISOR",TTL SALES & RENTAL SDN BHD,Klang/Port Klang
651,"Executive, Research & Development",Western Digital,Shah Alam/Subang
652,RESTAURANT MANAGEMENT TEAM - ASSISTANT RESTAURANT MANAGER,OZ Marketing Sdn Bhd,Shah Alam/Subang
653,Paid Dealer's Representative - Miri Branch,Alliance Bank Malaysia Berhad,Bintulu
654,Compensation & Benefits Specialist,Robert Bosch (M) Sdn Bhd,North-East
655,Assistant Producer cum Journalist,EZT GROUP,Kuala Lumpur
656,Sales and Marketing Executives,CONTINENTAL HOPE MALAYSIA INDUSTRIAL DEVELOPMENT SDN. BHD.,Kuala Lumpur
657,Senior Digital Account Executive,THEVIKO INTERNATIONAL SDN BHD,Selangor
658,EHS ENGINEER ( with RPO certification),CUCKOO INTERNATIONAL (MAL) SDN. BHD.,Pekan
659,Retail Operations Manager (Food Retailer),dTb Creation Sdn Bhd,Kedah
660,ASSISTANT LOGISTICS WAREHOUSE MANAGER,Kloe Hotel Sdn Bhd,Kuala Lumpur
661,Internship for Media/Art Students,Jora Jobs,Kuala Lumpur
662,Customer Service Assistant,Jora Jobs,Kuala Lumpur
663,Hyper-V Expert,Doo Technology MY Sdn. Bhd,Selangor
664,"Executive, Marketing | 8286",RBC MALAYSIA,Perak
665,Production Operator,Kemikon Sdn. Bhd.,Penang
666,Assistant Manager - Lease Admin,ITA Asia Limited,Puchong
667,Digital Marketing Manager,Flows Ranger Sdn Bhd,Company Confidential
668,TUKANG MASAK,Agroscience Industry Sdn Bhd,Singapore
669,Retail Planning Executive,Tecsys Product Sdn Bhd,Kuala Lumpur
670,Online Marketing Assistant,Segi Astana Sdn. Bhd.,Kuala Lumpur
671,Project Engineer工程师 (Electrical),Yeahhost Sdn Bhd,Kuala Lumpur
672,Admin Coordinator (Subcontractor),Premier Clinic,Klang/Port Klang
673,Secretarial Executive / Senior Secretarial Executive,Torq-On Technologies (M) Sdn Bhd,Company Confidential
674,Microsoft Dynamic 365 Executive,Omniraise Sdn Bhd,Selangor
675,System Engineer - Production Data Warehouse,Jora Jobs,Kuala Lumpur
676,Accounts & HR Executive,MELILEA (M) SDN BHD,Petaling Jaya
677,Admin Executive,ASIA POLY INDUSTRIAL SDN. BHD.,Bayan Lepas
678,Supplier Quality Engineer,Taylor's University,North-East
679,"Senior Executive, Group Digital Marketing (Social Media)",RED ARCHITECT & ENGINEER SDN. BHD.,"Johor, Kedah, Kuala Lumpur, Melaka, Negeri Sembilan, Penang, Perak, Selangor"
680,Senior HR Executive (Training),S8 AUTO,Selangor
681,HR Executive,SKYLINK PACIFIC SOLUTIONS SDN. BHD.,Alor Setar
682,"Technologist, Data Analytics Engineering",INTI International University,Shah Alam/Subang
683,Sales Executives,Jora Jobs,"Johor, Kuala Lumpur, Negeri Sembilan, Selangor"
684,Senior Executive Group Strategy,Tomypak Flexible Packaging Sdn Bhd,Miri
685,Senior/Staff - IT Engineer (Test Department),Eadess Sdn Bhd,Perai
686,Leasing Administration Executive,INNOV8TIF SOLUTIONS SDN. BHD.,Selangor
687,Sales & Marketing Manager (Based in KL),ABITEX DESIGNS (M) SDN BHD,"Johor, Kedah, Kuala Lumpur, Kelantan, Melaka, Negeri Sembilan, Penang, Pahang, Perak, Perlis, Sabah, Selangor, Sarawak, Terengganu"
688,Personal Assistant 私人助理,GRAB,Shah Alam/Subang
689,Data Entry Clerk,Jora Jobs,Bayan Lepas
690,Senior Digital Marketing Manager,Engtex Ductile Iron Pipe Industry Sdn Bhd,Kuala Lumpur
691,Security Manager,WORLD MARKETING GROUP PTE LTD,Shah Alam/Subang
692,Production Manufacturing,Stone Forest IT Pte Ltd,Selangor
693,Production Manufacturing,EMCO Executives Sdn Bhd,Selangor
694,Digital Marketing Specialist (Brand Building/Content Marketing),Rubber Leisure Products Sdn Bhd,Cyberjaya
695,Manager Shareholder Services (6 months Contract),COOPER CAPITAL SDN. BHD.,Johor
696,Senior Production Planner,Jora Jobs,Kajang/Bangi/Serdang
697,Client Services Executive,ROSENIDA AZLINA HAFIDZ & CO.,Selangor
698,ADMIN CLERK,HYUNDAI ENGINEERING MALAYSIA SDN BHD (MMCC),Kuala Lumpur
699,Office Administration Executive,GADANG WORKS SDN. BHD.,Cyberjaya
700,Account Executive cum Admin Executive,Capita Global Sdn Bhd,Kuala Lumpur
701,Leasing - Manager,Tan Ya Advisory,Kuala Lumpur
702,Business Administrator,LAUREATE SYSTEM SOLUTIONS SDN BHD,Johor Bahru
703,RECEPTIONIST,Electrolux Home Appliances S/B (Center of Excellence Asia Pacific (CoE APAC)),Penang - Others
704,"Sales Executive (Bandar Sri Damansara,KL)",Jora Jobs,Kuala Lumpur
705,Recruiter,Agensi Pekerjaan Reeracoen Malaysia Sdn Bhd,Kuching
706,ADMIN EXECUTIVE cum SECRETARY,GATTI (M) SDN. BHD.,Melaka
707,HR EXECUTIVE,Hikvision Singapore Pte Ltd,Kuala Lumpur
708,CHEMIST,Jora Jobs,Sabah
709,Executive - Campus Central,VSTECS BERHAD,Penang
710,Senior Draughtsman / Assistant Architect,ViVANGAS SDN. BHD.,Kuala Lumpur
711,Human Resources Internship,Sime Darby Industrial,Penang
712,"Treasury/Corporate Finance, Senior Executive",CTOS Data Systems Sdn Bhd,Kajang/Bangi/Serdang
713,O2C Specialist,同心堂中医诊所 Tong Xin Tang Healthcare International Sdn Bhd,Penang
714,Lecturer - Information Technology (Head of Program),Donaldson Filtration (Malaysia) Sdn. Bhd.,Kuala Lumpur
715,CUSTOMER SERVICE,FUTURE D SDN. BHD.,Kuala Lumpur
716,Sales Manager,Lim Huck Aik & Co.,Penang
717,Machine Operator,MCT Asia (Penang) Sdn Bhd,Kuala Lumpur
718,Retail Store Manager,BIS CHEMICALS SDN. BHD.,Kuala Lumpur
719,Marketing Intern,HENGYUAN REFINING COMPANY  BERHAD,Kuala Lumpur
720,Retail Sales Consultant,Teafe (M) Sdn Bhd,Kuala Lumpur
721,"Sales Lead, GrabFood (Negeri Sembilan)",RH Letrik Sdn. Bhd.,Kuala Lumpur
722,"ALL-FACULTY INTERNSHIP in Mid Valley, Kuala Lumpur",ESCATEC Electronics Sdn Bhd,Kuala Lumpur
723,Marketing Executive,Dytan Health On-line Sdn Bhd,Selangor
724,Project Management and Customer Service Executive,iCar Asia (Carlist.my),Selangor
725,Senior Systems Engineer - (SF00012-249),LODGING PARTNER TRAVEL SDN. BHD.,Kuala Lumpur
726,Inside Sales Specialist,LODGING PARTNER TRAVEL SDN. BHD.,Kuala Lumpur
727,Production Planner,Khai Lien Silk Screen Suppliers (M) Sdn Bhd,Penang
728,ACCOUNT EXECUTIVE,Jabil Sdn Bhd (Global Business Center),Labuan
729,Sales Admin Coordinator,Park Avenue Hospitality,Kuala Lumpur
730,CONVEYANCING CLERK,Bank Negara Malaysia,Kuala Lumpur
731,PTW Coordinator Commissioning (Urgent Hiring),Archtron Research & Development Sdn Bhd,Selangor
732,Sales and Marketing Executive,Greenpro Resources Group of Companies,Selangor
733,Associate Business Development,Shell Business Operations Kuala Lumpur,Penang
734,Internship for Accounting Students,Electrolux Home Appliances S/B (Center of Excellence Asia Pacific (CoE APAC)),Kuala Lumpur
735,Programmer,Kossan Rubber Industries Berhad,"Kuala Lumpur, Selangor"
736,Account Receivables-Assistant Manager,Toray Plastics (M) Sdn Bhd,Kuala Lumpur
737,新加坡(辅助)执法警员,Jora Jobs,Johor
738,CUSTOMER SERVICE (BASE IN PJ),QUBE APPS SOLUTIONS SDN. BHD.,Melaka
739,"Purchasing Executive (49033), Seri Kembangan,RM4K (CJ)",HTC Global Services MSC Sdn Bhd,Klang/Port Klang
740,SALES EXECUTIVE,dTb Creation Sdn Bhd,Selangor
741,Senior Business Development Executive,Godell Group of Company,Kuala Lumpur
742,Administration Intern,TNG Digital Sdn Bhd,Petaling Jaya
743,Inside Sales Assistant - Fresh Graduate / Junior (1 year contract),INITIA INTERNATIONAL SDN. BHD.,Company Confidential
744,Regional Sales and Service Engineer,RHB Banking Group,Ampang
745,Sales Representative - Sibu,Star Rolling Shutter Sdn. Bhd.,Kuala Lumpur
746,Accounts Assistant,Infineon Technologies (Malaysia) Sdn Bhd,Negeri Sembilan
747,Marketing Executive,CLL Systems Sdn Bhd,Selangor
748,Sr. Business Intelligence Analyst,Armstrong Auto Parts Sdn Bhd,Company Confidential
749,Corporate Sales Executive,Jora Jobs,Petaling Jaya
750,Admin Clerical,Senheng Electric (KL) Sdn Bhd,Johor Bahru
751,Inside Technical Sales Specialist,Bridgestone Tyre Sales (M) Sdn Bhd,"Penang, Petaling Jaya"
752,Assistant Warehouse Manager,RHB Banking Group,Subang Jaya
753,Internship for Finance Student 2021,WEI TAT FEEDMILL SDN. BHD.,Selangor
754,HUMAN RESOURCE SENIOR EXECUTIVE,Nirvana Asia Group,Negeri Sembilan
755,PROJECT ENGINEER,Malayan Food Venture,Kuala Lumpur
756,Quality Assurance Engineer,JTE Recruit Pte Ltd,Selangor
757,IT Executive,SWIFT INTEGRATED LOGISTICS SDN. BHD.,East
758,Customer Care Executive,Charles & Keith (Singapore) Pte Ltd,Singapore
759,Lodging Partner Associate I (Korean Language Support),REN HR CONSULTING SDN BHD,"Kuala Lumpur, Selangor"
760,Lodging Partner Associate I (Korean Language Support),Kah Motor Company Sdn Bhd,Melaka
761,Account And Admin Executive,RHB Banking Group,Kuala Lumpur
762,Programmer Analyst III,Global Staffing Solutions Pte Ltd,Selangor
763,Guest Relations Officer / Executive (Front Office),IRDECO F N B SDN. BHD.,Kuantan
764,"Executive, Data Centre Management Analyst | Infrastructure Technology Department",Lima Bintang Logistics Sdn Bhd,Melaka
765,Project Admin,ICF International Pte Ltd,Kajang/Bangi/Serdang
766,GENERAL MANAGER,JAC Recruitment Malaysia,Kuala Lumpur
767,Finance & Accounting Lead (Thai Language),Integrated Health Plans (Malaysia) Sdn Bhd,Kuala Lumpur
768,Accounts Payable-Assistant Manager,BEAUGATES CONCEPT SDN. BHD.,Kuala Lumpur
769,Junior Executive Marketing,SSR / SSSB / TCR,Selangor
770,HR Assistant Section Manager,GN ReSound (Malaysia) Sdn Bhd,Company Confidential
771,Operations / Office Manager,Master Materials. Contracting Sdn Bhd,Singapore
772,Sales Consultant,Seng Choon Hardware (M) Sdn Bhd,Selangor
773,Campaign Analyst,FERTITRADE (M) SDN. BHD.,Selangor
774,Multimedia Designer cum Animation 多媒体动画设计师,JB GIFT & SOUVENIR (M) SDN BHD,"Selangor, Kuala Lumpur"
775,Project  Management Engineer ( LNG),Pantech Steel Industries Sdn Bhd,Myanmar
776,Project Manager,Agensi Pekerjaan Line Recruits Sdn. Bhd.,Selangor
777,Salon Supervisor,B2B Commerce (M) Sdn Bhd,Petaling Jaya
778,Futures Broker's Representative - RHB IB Teluk Intan Branch,Synergio Global Sdn Bhd,Kuala Lumpur
779,Sales & Marketing Assistant,Econframe Marketing Sdn Bhd,Sarawak
780,Senior Manager Resource Planning,TADIKA SUCI RIA (KEPONG),Kuala Lumpur
781,Network Security Engineer (Malaysian Only),Sem Matic Sdn Bhd,Cheras
782,Internship for Human Resource Management Students,Ambition Group Malaysia Sdn Bhd,Shah Alam/Subang
783,Field Service Technician,Elabram Systems Sdn Bhd,Cheras
784,Logistic Executive,Malaysian Institute of Accountants,George Town
785,"Executive, Demand and Supply Planner (LSCM)",LLH SOLUTIONS SDN BHD,Bayan Lepas
786,Futures Broker's Representative - RHB IB Taiping Branch,The Chartered Institute Of Management Accountants,Selangor
787,QC Lab Assistant,Citigroup Malaysia,Port Dickson
788,Secretary,Citigroup Malaysia,Kuala Lumpur
789,SALES REPRESENTATIVE,Citigroup Malaysia,Selangor
790,Warehouse / Customer Service Admin (UP $2.4K / West / Ofc Hr / 1Yr Exp / AWS),Citigroup Malaysia,Penang
791,Marketing Executive,Citigroup Malaysia,Kuala Lumpur
792,LOGISTICS ASSISTANT,Citigroup Malaysia,Kuala Lumpur
793,Video Editor (短视频剪辑师),Ideals Recruitment Pte Ltd,Kuala Lumpur
794,Personal Assistant,Singapore International School of Bangkok,Kuala Lumpur
795,"Sales Consultant/Assistant Sales Manager, PF (Setia City Mall Sales Centre)",FRD PERFORMANCE MOTORSPORT (M) SDN BHD,Selangor
796,Sheetmetal Technician | Aircraft Maintenance | Aviation | Yearly Contract,Neolife International Sdn Bhd,Penang
797,HOSTESS,FRD PERFORMANCE MOTORSPORT (M) SDN BHD,"Changi, East, Clementi, West, Others, Central"
798,COMPLIANCE OFFICER,Hartamas Real Estate Sdn Bhd,Kuala Lumpur
799,Production Manager,G & W Building Materials Sdn Bhd,Puchong
800,SALES ADMIN (REF: YY),INNOV8TIF SOLUTIONS SDN. BHD.,Kuala Lumpur
801,Customer Service Officer (GL Team),LIFESTYLE DOMAIN SDN. BHD.,Selangor
802,Sales Executive,Taylor's University,Selangor
803,EKSEKUTIF SUMBER MANUSIA,Iconic Lab Sdn. Bhd.,Klang/Port Klang
804,Order Management Coordinator (Customer Service ),MA HUP SENG ENGINEERING SDN BHD,Penang
805,Sales & Marketing Executive,Global Power Services Sdn Bhd,Selangor
806,Indoor Sales Coordinator,PipBox Events Sdn Bhd,Kuala Lumpur
807,MARKETING EXECUTIVE,Keysight Technologies Malaysia Sdn. Bhd.,Kuala Lumpur
808,ACCOUNT EXECUTIVE,Knight Frank Malaysia Sdn Bhd,Kuala Lumpur
809,Marketing Manager,FRD PERFORMANCE MOTORSPORT (M) SDN BHD,Selangor
810,PRODUCTION PLANNER,Infineon Technologies (Malaysia) Sdn Bhd,Kuala Lumpur
811,Business Manager (Digital Supply Chain & Managed Data Services),Ink Marketing Sdn Bhd,Central
812,Sustainability Analyst,MSTS ASIA Sdn Bhd,Teluk Intan
813,Production Admin,PALAQUIN (M) SDN BHD,Selangor
814,Kindergarten Teacher 幼教班老师,27 MARKETING SDN. BHD.,Melaka
815,Procurement Executive,Esmo Asia Pte Ltd,Petaling Jaya
816,Senior Platform Engineer,Citigroup Malaysia,Melaka
817,ACCOUNTANT,TNG Digital Sdn Bhd,Labuan
818,IT Recruiter,MCM Petcare (M) Sdn Bhd,Klang/Port Klang
819,EXECUTIVE - MEMBERSHIP,Web Multisoft International Sdn Bhd,Selangor
820,Human Resource Officer,Linkk Busway Systems (M) Sdn Bhd,Taiping
821,Senior Specialist - Corporate Accounting (6 months FTC),WM ENGINEERING CONSTRUCTION SDN. BHD.,Klang/Port Klang
822,MYS Citibank Berhad - Collections Officer - (20240427),Jora Jobs,Kuala Lumpur
823,MYS Citibank Berhad - Collections Officer - (20240432),GRAND PACIFIC F&B SDN. BHD.,"Kedah, Kuala Lumpur, Penang, Perak"
824,MYS Citibank Berhad - Collections Officer - (20240428),UNITAR International University,"West, Singapore"
825,MYS Citibank Berhad - Collections Officer - (20239226),Jora Jobs,Butterworth
826,MYS Citibank Berhad - Collections Officer - (20240433),Phitomas Sdn Bhd,"Paya Lebar, East"
827,MYS Citibank Berhad - Collections Officer - (20240430),MATRIX TALENT HUMAN RESOURCES SDN. BHD.,Kuala Lumpur
828,Quality Engineer (Precision / 5D / Serangoon North / Up to $3.5k / SPC / FMEA),Brownland,George Town
829,Teachers,MOL ACCESSPORTAL SDN. BHD,Shah Alam/Subang
830,Human Resource Manager,Realtek Singapore Private Limited,Central
831,Digital Marketing (B2B),GREEN-i MULTIMEDIA,Alor Setar
832,Warehouse Manager (Penang),Ideal Quality Sdn Bhd,Johor - Others
833,Multimedia Executive,MHL Industries (Malaysia) Sdn Bhd,East
834,Operation Executive (Precast - QS),Agromaster Fertilizer Sdn Bhd,Kuala Lumpur
835,Software Engineering Intern,WOWSHOP SDN BHD,Petaling Jaya
836,Security Guard,Digi Telecommunications Sdn. Bhd.,Puchong
837,Executive - Business Planning,A&T BUSINESS SOLUTION SERVICES,Kuala Lumpur
838,Sales Consultant,WOWSHOP SDN BHD,Johor Bahru
839,Store Assistant,9 HEALTH SDN BHD,"Selangor, Kuala Lumpur"
840,Sales cum Technical Assistant,IDS Medical Systems (M) Sdn Bhd,Shah Alam/Subang
841,Social Media and Content Executive (Mandarin Speaking),MIRS Innovate Pte Ltd,Selangor
842,Sales Incentive Compensation Analyst (Contract),Agromaster Fertilizer Sdn Bhd,Johor Bahru
843,Assistant Marketing Manager (Melaka),Kaisar Maxim Sdn Bhd,Klang/Port Klang
844,Risk Manager,Credit Bureau Malaysia Sdn Bhd,Selangor
845,Senior Manager - Procurement Regional Logistics,Siang Pharmacy Sdn Bhd,Petaling Jaya
846,Account & Admin Assistant,Jora Jobs,Kuala Lumpur
847,Digital Sales & Commercial Transformation Specialist (DSCTS),Sunway Berhad,Klang/Port Klang
848,Business Development Executive,Agensi Pekerjaan GMRecruitment Sdn Bhd,Kuala Lumpur
849,Graphic Designer,Malaysia Expatriate Services Centre Sdn Bhd,Johor
850,Maintenance Supervisor,Press Metal Bintulu Sdn Bhd,Kuala Lumpur
851,Field Application and Service Engineer,University of Reading Malaysia (JB),Company Confidential
852,MYS Citibank Berhad - Collections Officer - (20240429),Alliance Bank Malaysia Berhad,Selangor
853,"Assistant Manager, Finance",Scania (Malaysia) Sdn Bhd,Kajang/Bangi/Serdang
854,ADMIN EXECUTIVE CUM PERSONAL ASSISTANT TO MD,Evolve Realty Sdn Bhd,Kuala Lumpur
855,Accounting Executive- Kuala Lumpur,Davex (Malaysia) Sdn Bhd,Butterworth
856,Logistic Assistant - 5-Day Work Week in Beranang,Gross Synergy Sdn Bhd,Selangor
857,Admin Clerk,Ant Internet Sdn Bhd,Kuala Lumpur
858,Maintenance Technician,Aubella (MM2H) Sdn Bhd,Kuala Lumpur
859,CHEF,Jora Jobs,Kuala Lumpur
860,Business Development Executive,Robert Bosch Power Tools Sdn Bhd,Kuala Lumpur
861,Admin Clerk,MYM Technology (M) Sdn Bhd,Kuala Lumpur
